BEGIN;

INSERT INTO "study" ("id", "title", "image", "created_at", "updated_on") VALUES
	('00000000-0000-0000-0000-000000000001', 'study 1', 'https://loremflickr.com/640/480?lock=342651989655552', '2023-08-13 12:33:10', '2023-08-13 12:33:11'),
	('00000000-0000-0000-0000-000000000006', 'study 6', 'https://loremflickr.com/640/480?lock=342651989655552', '2019-08-03 12:33:10', '2022-08-03 12:33:11'),
	('00000000-0000-0000-0000-000000000007', 'study 7', 'https://loremflickr.com/640/480?lock=342651989655552', '2020-08-03 12:33:10', '2023-03-03 12:33:11'),
	('00000000-0000-0000-0000-000000000008', 'study 8', 'https://loremflickr.com/640/480?lock=342651989655552', '2023-08-03 12:33:10', '2023-01-03 12:33:11'),
	('00000000-0000-0000-0000-000000000003', 'study 3', 'https://loremflickr.com/640/480?lock=342651989655552', '2016-08-03 12:33:10', '2023-02-03 12:33:11'),
	('00000000-0000-0000-0000-000000000002', 'study 2', 'https://loremflickr.com/640/480?lock=342651989655552', '2022-08-03 12:33:10', '2023-07-03 12:33:11'),
	('00000000-0000-0000-0000-000000000004', 'study 4', 'https://loremflickr.com/640/480?lock=342651989655552', '2020-08-03 12:33:10', '2021-09-03 12:33:11'),
	('00000000-0000-0000-0000-000000000005', 'study 5', 'https://loremflickr.com/640/480?lock=342651989655552', '2021-08-03 12:33:10', '2023-05-03 12:33:11');
/*!40000 ALTER TABLE "study" ENABLE KEYS */;


INSERT INTO "user" ("id", "email_address", "username", "first_name", "last_name", "orcid", "hash", "created_at", "institution") VALUES
	('00000000-0000-0000-0000-000000000001', 'bhavesh.patel@gmail.com', 'bhavesh', 'Bhavesh', 'Patel', '1111-2222-333-444-5555', 'hashed', '2023-08-13 12:34:06', 'CALMI2'),
	('00000000-0000-0000-0000-000000000002', 'sanjay.soundarajan@gmail.com', 'sanjay', 'sanjay', 'soundarajan', '1111-2222-333-444-5555', 'hashed', '2023-08-13 12:34:06', 'CALMI2'),
	('00000000-0000-0000-0000-000000000003', 'billy.sanders@gmail.com', 'billy', 'billy', 'sanders', '1111-2222-333-444-5555', 'hashed', '2023-08-13 12:34:06', 'CALMI2'),
	('00000000-0000-0000-0000-000000000004', 'james.lilly@gmail.com', 'james', 'james', 'lilly', '1111-2222-333-444-5555', 'hashed', '2023-08-13 12:34:06', 'CALMI2');
/*!40000 ALTER TABLE "user" ENABLE KEYS */;


INSERT INTO "study_contributor" ("study_id", "user_id", "permission") VALUES
	('00000000-0000-0000-0000-000000000001', '00000000-0000-0000-0000-000000000001', 'editor'),
	('00000000-0000-0000-0000-000000000002', '00000000-0000-0000-0000-000000000002', 'owner'),
	('00000000-0000-0000-0000-000000000004', '00000000-0000-0000-0000-000000000003', 'owner'),
	('00000000-0000-0000-0000-000000000006', '00000000-0000-0000-0000-000000000004', 'editor');


INSERT INTO "dataset" ("id", "updated_on", "created_at", "study_id") VALUES
	('00000000-0000-0000-0000-000000000001',  '2023-08-13 16:23:48', '2023-08-13 16:23:49', '00000000-0000-0000-0000-000000000001'),
	('00000000-0000-0000-0000-000000000002',  '2023-08-13 16:23:48', '2023-08-13 16:23:49', '00000000-0000-0000-0000-000000000002'),
	('00000000-0000-0000-0000-000000000003',  '2023-08-13 16:23:48', '2023-08-13 16:23:49', '00000000-0000-0000-0000-000000000003'),
	('00000000-0000-0000-0000-000000000004',  '2023-08-13 16:23:48', '2023-08-13 16:23:49', '00000000-0000-0000-0000-000000000004'),
	('00000000-0000-0000-0000-000000000005',  '2023-08-13 16:23:48', '2023-08-13 16:23:49', '00000000-0000-0000-0000-000000000004');
/*!40000 ALTER TABLE "dataset" ENABLE KEYS */;

INSERT INTO "dataset_version" ("id", "title", "published", "changelog", "updated_on", "doi", "created_at", "published_on", "dataset_id") VALUES
	('00000000-0000-0000-0000-000000000001', 'AIREADI', 'true', 'lorem ipsum', '2023-08-13 16:24:05', '2435464e643', '2023-08-13 16:23:59', '2023-08-13 16:24:00', '00000000-0000-0000-0000-000000000001'),
	('00000000-0000-0000-0000-000000000002', 'AIREADI1', 'true', 'lorem ipsum', '2023-08-13 16:24:05', '2435464e643', '2023-08-13 16:23:59', '2023-08-13 16:24:00', '00000000-0000-0000-0000-000000000003'),
	('00000000-0000-0000-0000-000000000004', 'AIREADI4', 'true', 'lorem ipsum', '2023-08-13 16:24:05', '2435464e643', '2023-08-13 16:23:59', '2023-08-13 16:24:00', '00000000-0000-0000-0000-000000000004'),
	('00000000-0000-0000-0000-000000000003', 'AIREADI3', 'true', 'lorem ipsum', '2023-08-13 16:24:05', '2435464e643', '2023-08-13 16:23:59', '2023-08-13 16:24:00', '00000000-0000-0000-0000-000000000003');
/*!40000 ALTER TABLE "dataset_version" ENABLE KEYS */;

INSERT INTO "dataset_contributor" ("id", "first_name", "last_name", "name_type", "name_identifier", "name_identifier_scheme", "name_identifier_scheme_uri", "creator", "contributor_type", "dataset_id") VALUES
	('00000000-0000-0000-0000-000000000001', 'bhavesh', 'patel', 'type_name', 'identifier', 'scheme', 'scheme uri', 'true', 'type', '00000000-0000-0000-0000-000000000001');


INSERT INTO "invited_study_contributor" ("email_address", "permission", "invited_on", "study_id") VALUES
	('aydan.gasimova@gmail.com', 'owner', '2023-08-13 16:34:16', '00000000-0000-0000-0000-000000000001'),
	('bhavesh.patel@gmail.com', 'owner', '2023-08-13 16:34:16', '00000000-0000-0000-0000-000000000003'),
	('sanjay.soundarajan@@gmail.com', 'owner', '2023-08-13 16:34:16', '00000000-0000-0000-0000-000000000004');

INSERT INTO "participant" ("id", "first_name", "last_name", "address", "age", "created_at", "updated_on", "study_id") VALUES
	('00000000-0000-0000-0000-000000000001', 'aydan', 'gasimova', '1221d kibler drive', '20', '2023-08-13 16:33:53', '2023-08-13 16:33:54', '00000000-0000-0000-0000-000000000001'),
	('00000000-0000-0000-0000-000000000002', 'bhavesh', 'patel', '3904 university ave', '20', '2023-08-13 16:33:53', '2023-08-13 16:33:54', '00000000-0000-0000-0000-000000000002'),
	('00000000-0000-0000-0000-000000000003', 'sanjay', 'soundarajan', '123 gold coast', '27', '2023-08-13 16:33:53', '2023-08-13 16:33:54', '00000000-0000-0000-0000-000000000003'),
	('00000000-0000-0000-0000-000000000004', 'billy', 'sanders', '123 gold coast', '32', '2023-08-13 16:33:53', '2023-08-13 16:33:54', '00000000-0000-0000-0000-000000000004');
 
INSERT INTO "version_participants" ("dataset_version_id", "participant_id") VALUES
	('00000000-0000-0000-0000-000000000001', '00000000-0000-0000-0000-000000000001'),
	('00000000-0000-0000-0000-000000000002', '00000000-0000-0000-0000-000000000002'),
	('00000000-0000-0000-0000-000000000003', '00000000-0000-0000-0000-000000000002'),
	('00000000-0000-0000-0000-000000000002', '00000000-0000-0000-0000-000000000001');

INSERT INTO "study_redcap_project_api" ("study_id", "project_id", "project_title", "project_api_url", "project_api_key", "project_api_active", "updated_on", "created_at") VALUES
	('00000000-0000-0000-0000-000000000001', '11111', 'ai-stuff', 'https://redcap.university.org/api', '0000000000000000AAAAAAAAAAAAAAA1', 0, '2023-08-13 16:23:48', '2023-08-13 16:23:49'),
	('00000000-0000-0000-0000-000000000002', '22222', 'dev-stuff', 'https://redcap.university.org/api', '0000000000000000AAAAAAAAAAAAAAA2', 0, '2023-08-13 16:23:48', '2023-08-13 16:23:49'),
	('00000000-0000-0000-0000-000000000003', '33333', 'ops-stuff', 'https://redcap.university.org/api', '0000000000000000AAAAAAAAAAAAAAA3', 0, '2023-08-13 16:23:48', '2023-08-13 16:23:49'),
	('00000000-0000-0000-0000-000000000004', '44444', 'data-stuff', 'https://redcap.university.org/api', '0000000000000000AAAAAAAAAAAAAAA4', 0, '2023-08-13 16:23:48', '2023-08-13 16:23:49'),
	('00000000-0000-0000-0000-000000000005', '55555', 'more-stuff', 'https://redcap.university.org/api', '0000000000000000AAAAAAAAAAAAAAA5', 0, '2023-08-13 16:23:48', '2023-08-13 16:23:49');

INSERT INTO "study_redcap_project_dashboard" ("study_id", "project_id", "dashboard_id", "reports", "dashboard_name", "dashboard_modules", "created_at", "updated_on") VALUES
	('00000000-0000-0000-0000-000000000001', '11111', '10000000-0000-0000-0000-000000000000', '{}', 'recruitment', '{}', '2023-08-13 16:23:48', '2023-08-14 16:23:49'),
	('00000000-0000-0000-0000-000000000002', '22222', '20000000-0000-0000-0000-000000000000', '{}', 'surveys', '{}', '2023-08-13 16:23:48', '2023-08-14 16:23:49'),
	('00000000-0000-0000-0000-000000000003', '33333', '30000000-0000-0000-0000-000000000000', '{}', 'participants', '{}', '2023-08-13 16:23:48', '2023-08-14 16:23:49'),
	('00000000-0000-0000-0000-000000000004', '44444', '40000000-0000-0000-0000-000000000000', '{}', 'repeat-surveys', '{}', '2023-08-13 16:23:48', '2023-08-14 16:23:49'),
	('00000000-0000-0000-0000-000000000005', '55555', '50000000-0000-0000-0000-000000000000', '{}', 'more-stuff', '{}', '2023-08-13 16:23:48', '2023-08-14 16:23:49');

/*!40000 ALTER TABLE "dataset" ENABLE KEYS */;
	

COMMIT;





